<launch4jConfig>
  <dontWrapJar>false</dontWrapJar>
  <headerType>gui</headerType>
  <obj>w32api/crt2.o</obj>
  <obj>head/guihead.o</obj>
  <obj>head/head.o</obj>
  <lib>w32api/libmingw32.a</lib>
  <lib>w32api/libgcc.a</lib>
  <lib>w32api/libmsvcrt.a</lib>
  <lib>w32api/libkernel32.a</lib>
  <lib>w32api/libuser32.a</lib>
  <lib>w32api/libadvapi32.a</lib>
  <lib>w32api/libshell32.a</lib>
  <jar>..\dist\obfuscated\LICENSE4J-Obfuscation-Example.jar</jar>
  <outfile>..\dist\obfuscated\LICENSE4J-Obfuscation-Example.exe</outfile>
  <errTitle></errTitle>
  <cmdLine></cmdLine>
  <chdir></chdir>
  <priority>normal</priority>
  <downloadUrl>http://java.com/download</downloadUrl>
  <supportUrl></supportUrl>
  <customProcName>false</customProcName>
  <stayAlive>false</stayAlive>
  <manifest></manifest>
  <!--
  <icon>path to your icon file</icon>
  -->
  <jre>
    <path></path>
    <minVersion>1.6.0_00</minVersion>
    <maxVersion></maxVersion>
    <jdkPreference>preferJre</jdkPreference>
  </jre>
  <versionInfo>
    <fileVersion>1.0.0.0</fileVersion>
    <txtFileVersion>1.0.0</txtFileVersion>
    <fileDescription>LICENSE4J Obfuscation Example</fileDescription>
    <copyright>Copyright (C) 2011-2014 LICENSE4J</copyright>
    <productVersion>1.0.0.0</productVersion>
    <txtProductVersion>1.0.0</txtProductVersion>
    <productName>LICENSE4J Obfuscation Example</productName>
    <companyName>LICENSE4J</companyName>
    <internalName>LICENSE4J Obfuscation Example</internalName>
    <originalFilename>LICENSE4J-Obfuscation-Example.exe</originalFilename>
  </versionInfo>
</launch4jConfig>